section,cluster_name,count
A Liberal Arts Education at Duke Kunshan University,"Academic Rules, Credits, and Enrollment",1
A Liberal Arts Education at Duke Kunshan University,"Health, Research, and Academic Programs",4
A Liberal Arts Education at Duke Kunshan University,"Language, Learning, and Communication",1
A Liberal Arts Education at Duke Kunshan University,"Society, Behavior, and Environment",2
Academic Advising and Support,"Health, Research, and Academic Programs",1
Academic Advising and Support,"Language, Learning, and Communication",8
Academic Calendar 2021-22,"Academic Rules, Credits, and Enrollment",7
Academic Calendar 2021-22,Course Requirements and Subject Codes,2
Academic Procedures and Information,"Academic Rules, Credits, and Enrollment",6
Academic Procedures and Information,"Language, Learning, and Communication",2
Academic Procedures and Information,"Society, Behavior, and Environment",1
Academic Resource Center,"Health, Research, and Academic Programs",3
Academic Resource Center,"Language, Learning, and Communication",5
Academic Suspension,"Academic Rules, Credits, and Enrollment",10
Academic Warning,"Academic Rules, Credits, and Enrollment",6
Academic Warning,Course Requirements and Subject Codes,1
Accommodations,"Academic Rules, Credits, and Enrollment",1
Accommodations,"Health, Research, and Academic Programs",1
Accommodations,"Language, Learning, and Communication",4
"Admission, Scholarships and Financial Aid","Academic Rules, Credits, and Enrollment",1
"Admission, Scholarships and Financial Aid","Health, Research, and Academic Programs",1
"Admission, Scholarships and Financial Aid","Language, Learning, and Communication",2
Applied Mathematics and Computational Sciences/Computer Science,Course Requirements and Subject Codes,3
Applied Mathematics and Computational Sciences/Computer Science,"Language, Learning, and Communication",1
Behavioral Science / Neuroscience,Course Requirements and Subject Codes,2
Behavioral Science / Psychology,Course Requirements and Subject Codes,3
"Biology, Genetics and Genomics","Data, Computation, and Materials",5
"Biology, Genetics and Genomics","Health, Research, and Academic Programs",2
"Biology, Genetics and Genomics","Language, Learning, and Communication",1
"Biology, Genetics and Genomics","Society, Behavior, and Environment",2
Campus Engagement,"China, Globalization, and Economics",1
Campus Engagement,"Health, Research, and Academic Programs",4
Campus Engagement,"Language, Learning, and Communication",5
"Career Services, Study Away, and Research Opportunities","Health, Research, and Academic Programs",4
"Career Services, Study Away, and Research Opportunities","Language, Learning, and Communication",2
Chinese Student Services and Student Mobility,"Academic Rules, Credits, and Enrollment",2
Chinese Student Services and Student Mobility,"Health, Research, and Academic Programs",4
Chinese Student Services and Student Mobility,"Language, Learning, and Communication",1
Class Scheduling,"Academic Rules, Credits, and Enrollment",8
College Board Advanced Placement Program (AP) Examinations,"Academic Rules, Credits, and Enrollment",7
College Board Advanced Placement Program (AP) Examinations,"Language, Learning, and Communication",3
Compliance with Academic Regulations,"Academic Rules, Credits, and Enrollment",2
Compliance with Academic Regulations,"Language, Learning, and Communication",1
Computation and Design / Computer Science,Course Requirements and Subject Codes,3
Computation and Design / Digital Media,Course Requirements and Subject Codes,4
Computation and Design / Social Policy,Course Requirements and Subject Codes,1
Counseling and Psychological Services (CAPS),"Health, Research, and Academic Programs",5
Counseling and Psychological Services (CAPS),"Language, Learning, and Communication",1
Counseling and Psychological Services (CAPS),"Society, Behavior, and Environment",1
Course Audit,"Academic Rules, Credits, and Enrollment",4
Course Cluster I,Course Requirements and Subject Codes,1
Course Cluster I,"Language, Learning, and Communication",1
Course Credits,"Academic Rules, Credits, and Enrollment",3
Course Credits,"Language, Learning, and Communication",1
Course Descriptions,"Academic Rules, Credits, and Enrollment",1
Course Repeat,"Academic Rules, Credits, and Enrollment",9
Course Repeat,"Language, Learning, and Communication",1
Courses with Course Subject: Arts and Humanities (ARHU),"Culture, Media, and Humanities",3
Courses with Course Subject: Behavior Science (BEHAVSCI),"Data, Computation, and Materials",3
Courses with Course Subject: Behavior Science (BEHAVSCI),"Health, Research, and Academic Programs",1
Courses with Course Subject: Behavior Science (BEHAVSCI),"Language, Learning, and Communication",1
Courses with Course Subject: Behavior Science (BEHAVSCI),"Society, Behavior, and Environment",7
Courses with Course Subject: Biology (BIOL),Course Requirements and Subject Codes,1
Courses with Course Subject: Biology (BIOL),"Culture, Media, and Humanities",1
Courses with Course Subject: Biology (BIOL),"Data, Computation, and Materials",32
Courses with Course Subject: Biology (BIOL),"Health, Research, and Academic Programs",1
Courses with Course Subject: Biology (BIOL),"Language, Learning, and Communication",1
Courses with Course Subject: Biology (BIOL),"Society, Behavior, and Environment",5
Courses with Course Subject: Chemistry (CHEM),"Academic Rules, Credits, and Enrollment",1
Courses with Course Subject: Chemistry (CHEM),"Data, Computation, and Materials",13
Courses with Course Subject: Chemistry (CHEM),"Health, Research, and Academic Programs",2
Courses with Course Subject: Chemistry (CHEM),"Language, Learning, and Communication",2
Courses with Course Subject: Chinese (CHINESE),"Culture, Media, and Humanities",4
Courses with Course Subject: Chinese (CHINESE),"Health, Research, and Academic Programs",10
Courses with Course Subject: Chinese (CHINESE),"Language, Learning, and Communication",25
Courses with Course Subject: Chinese Society and Culture (CHSC),"Academic Rules, Credits, and Enrollment",2
Courses with Course Subject: Chinese Society and Culture (CHSC),"China, Globalization, and Economics",3
Courses with Course Subject: Chinese Society and Culture (CHSC),"Culture, Media, and Humanities",6
Courses with Course Subject: Chinese Society and Culture (CHSC),"Language, Learning, and Communication",3
Courses with Course Subject: Computer Design (COMPDSGN),"Language, Learning, and Communication",2
Courses with Course Subject: Computer Science (COMPSCI),"Data, Computation, and Materials",19
Courses with Course Subject: Computer Science (COMPSCI),"Language, Learning, and Communication",2
Courses with Course Subject: Cultural Anthropology (CULANTH),Big Questions and Civic Inquiry,3
Courses with Course Subject: Cultural Anthropology (CULANTH),"China, Globalization, and Economics",12
Courses with Course Subject: Cultural Anthropology (CULANTH),"Culture, Media, and Humanities",10
Courses with Course Subject: Cultural Anthropology (CULANTH),"Health, Research, and Academic Programs",2
Courses with Course Subject: Cultural Anthropology (CULANTH),"Language, Learning, and Communication",1
Courses with Course Subject: Cultural Anthropology (CULANTH),"Society, Behavior, and Environment",5
Courses with Course Subject: Cultures and Movements (CULMOVE),Big Questions and Civic Inquiry,1
Courses with Course Subject: Cultures and Movements (CULMOVE),"China, Globalization, and Economics",8
Courses with Course Subject: Cultures and Movements (CULMOVE),"Culture, Media, and Humanities",3
Courses with Course Subject: Cultures and Movements (CULMOVE),"Health, Research, and Academic Programs",1
Courses with Course Subject: Cultures and Movements (CULMOVE),"Language, Learning, and Communication",3
Courses with Course Subject: Cultures and Movements (CULMOVE),"Society, Behavior, and Environment",2
Courses with Course Subject: Economics (ECON),"Academic Rules, Credits, and Enrollment",2
Courses with Course Subject: Economics (ECON),"China, Globalization, and Economics",5
Courses with Course Subject: Economics (ECON),"Data, Computation, and Materials",10
Courses with Course Subject: Economics (ECON),"Health, Research, and Academic Programs",3
Courses with Course Subject: Economics (ECON),"Society, Behavior, and Environment",10
Courses with Course Subject: English for Academic Purposes (EAP),"Culture, Media, and Humanities",1
Courses with Course Subject: English for Academic Purposes (EAP),"Health, Research, and Academic Programs",1
Courses with Course Subject: English for Academic Purposes (EAP),"Language, Learning, and Communication",11
Courses with Course Subject: Environment (ENVIR),"Academic Rules, Credits, and Enrollment",1
Courses with Course Subject: Environment (ENVIR),"China, Globalization, and Economics",2
Courses with Course Subject: Environment (ENVIR),"Data, Computation, and Materials",10
Courses with Course Subject: Environment (ENVIR),"Health, Research, and Academic Programs",2
Courses with Course Subject: Environment (ENVIR),"Society, Behavior, and Environment",4
Courses with Course Subject: Ethics and Leadership (ETHLDR),Big Questions and Civic Inquiry,10
Courses with Course Subject: Ethics and Leadership (ETHLDR),"Culture, Media, and Humanities",3
Courses with Course Subject: Ethics and Leadership (ETHLDR),"Language, Learning, and Communication",2
Courses with Course Subject: Ethics and Leadership (ETHLDR),"Society, Behavior, and Environment",6
Courses with Course Subject: French (FRENCH),"Culture, Media, and Humanities",1
Courses with Course Subject: French (FRENCH),"Language, Learning, and Communication",1
Courses with Course Subject: German (GERMAN),"Language, Learning, and Communication",2
Courses with Course Subject: Global Challenges (GLOCHALL),"Health, Research, and Academic Programs",1
Courses with Course Subject: Global Challenges (GLOCHALL),"Language, Learning, and Communication",1
Courses with Course Subject: Global China Studies (GCHINA),Big Questions and Civic Inquiry,1
Courses with Course Subject: Global China Studies (GCHINA),"China, Globalization, and Economics",6
Courses with Course Subject: Global China Studies (GCHINA),"Health, Research, and Academic Programs",2
Courses with Course Subject: Global China Studies (GCHINA),"Language, Learning, and Communication",1
Courses with Course Subject: Global China Studies (GCHINA),"Society, Behavior, and Environment",3
Courses with Course Subject: Global Cultural Studies (GCULS),Big Questions and Civic Inquiry,5
Courses with Course Subject: Global Cultural Studies (GCULS),"China, Globalization, and Economics",6
Courses with Course Subject: Global Cultural Studies (GCULS),"Culture, Media, and Humanities",17
Courses with Course Subject: Global Cultural Studies (GCULS),"Health, Research, and Academic Programs",1
Courses with Course Subject: Global Cultural Studies (GCULS),"Language, Learning, and Communication",1
Courses with Course Subject: Global Health (GLHLTH),"China, Globalization, and Economics",1
Courses with Course Subject: Global Health (GLHLTH),"Data, Computation, and Materials",1
Courses with Course Subject: Global Health (GLHLTH),"Health, Research, and Academic Programs",12
Courses with Course Subject: Global Health (GLHLTH),"Language, Learning, and Communication",2
Courses with Course Subject: Global Health (GLHLTH),"Society, Behavior, and Environment",15
Courses with Course Subject: History (HIST),Big Questions and Civic Inquiry,13
Courses with Course Subject: History (HIST),"China, Globalization, and Economics",43
Courses with Course Subject: History (HIST),"Culture, Media, and Humanities",18
Courses with Course Subject: History (HIST),"Health, Research, and Academic Programs",8
Courses with Course Subject: History (HIST),"Language, Learning, and Communication",2
Courses with Course Subject: History (HIST),"Society, Behavior, and Environment",8
Courses with Course Subject: Independent Study (INDSTU),"Language, Learning, and Communication",1
Courses with Course Subject: Information Science (INFOSCI),"Culture, Media, and Humanities",1
Courses with Course Subject: Information Science (INFOSCI),"Data, Computation, and Materials",6
Courses with Course Subject: Information Science (INFOSCI),"Health, Research, and Academic Programs",1
Courses with Course Subject: Information Science (INFOSCI),"Language, Learning, and Communication",1
Courses with Course Subject: Information Science (INFOSCI),"Society, Behavior, and Environment",3
Courses with Course Subject: Institutions and Governance (INSTGOV),"Language, Learning, and Communication",1
Courses with Course Subject: Integrated Science (INTGSCI),"Data, Computation, and Materials",4
Courses with Course Subject: Italian (ITALIAN),"Culture, Media, and Humanities",1
Courses with Course Subject: Japanese (JAPANESE),"Language, Learning, and Communication",4
Courses with Course Subject: Literature (LIT),Big Questions and Civic Inquiry,6
Courses with Course Subject: Literature (LIT),"China, Globalization, and Economics",11
Courses with Course Subject: Literature (LIT),"Culture, Media, and Humanities",26
Courses with Course Subject: Literature (LIT),"Language, Learning, and Communication",4
Courses with Course Subject: Literature (LIT),"Society, Behavior, and Environment",3
Courses with Course Subject: Material Science (MATSCI),"Data, Computation, and Materials",13
Courses with Course Subject: Material Science (MATSCI),"Language, Learning, and Communication",2
Courses with Course Subject: Mathematics (MATH),"Academic Rules, Credits, and Enrollment",4
Courses with Course Subject: Mathematics (MATH),"Data, Computation, and Materials",22
Courses with Course Subject: Mathematics (MATH),"Language, Learning, and Communication",3
Courses with Course Subject: Media and Arts (MEDIART),Big Questions and Civic Inquiry,8
Courses with Course Subject: Media and Arts (MEDIART),"China, Globalization, and Economics",2
Courses with Course Subject: Media and Arts (MEDIART),"Culture, Media, and Humanities",36
Courses with Course Subject: Media and Arts (MEDIART),"Data, Computation, and Materials",4
Courses with Course Subject: Media and Arts (MEDIART),"Health, Research, and Academic Programs",2
Courses with Course Subject: Media and Arts (MEDIART),"Language, Learning, and Communication",12
Courses with Course Subject: Media and Arts (MEDIART),"Society, Behavior, and Environment",1
Courses with Course Subject: Military Science (MILITSCI),"China, Globalization, and Economics",1
Courses with Course Subject: Military Science (MILITSCI),"Language, Learning, and Communication",1
Courses with Course Subject: Music (MUSIC),"Language, Learning, and Communication",5
Courses with Course Subject: Neuroscience (NEUROSCI),"Data, Computation, and Materials",4
Courses with Course Subject: Neuroscience (NEUROSCI),"Society, Behavior, and Environment",1
Courses with Course Subject: Philosophy (PHIL),Big Questions and Civic Inquiry,4
Courses with Course Subject: Philosophy (PHIL),"China, Globalization, and Economics",3
Courses with Course Subject: Philosophy (PHIL),"Culture, Media, and Humanities",10
Courses with Course Subject: Philosophy (PHIL),"Language, Learning, and Communication",1
Courses with Course Subject: Philosophy (PHIL),"Society, Behavior, and Environment",13
Courses with Course Subject: Physical Education (PHYSEDU),"Academic Rules, Credits, and Enrollment",2
Courses with Course Subject: Physical Education (PHYSEDU),"Culture, Media, and Humanities",1
Courses with Course Subject: Physical Education (PHYSEDU),"Data, Computation, and Materials",2
Courses with Course Subject: Physical Education (PHYSEDU),"Health, Research, and Academic Programs",1
Courses with Course Subject: Physical Education (PHYSEDU),"Language, Learning, and Communication",18
Courses with Course Subject: Physical Education (PHYSEDU),"Society, Behavior, and Environment",8
Courses with Course Subject: Physics (PHYS),"Academic Rules, Credits, and Enrollment",1
Courses with Course Subject: Physics (PHYS),"Culture, Media, and Humanities",2
Courses with Course Subject: Physics (PHYS),"Data, Computation, and Materials",18
Courses with Course Subject: Physics (PHYS),"Language, Learning, and Communication",1
Courses with Course Subject: Physics (PHYS),"Society, Behavior, and Environment",1
Courses with Course Subject: Political Economy (POLECON),"China, Globalization, and Economics",5
Courses with Course Subject: Political Economy (POLECON),"Culture, Media, and Humanities",1
Courses with Course Subject: Political Economy (POLECON),"Health, Research, and Academic Programs",3
Courses with Course Subject: Political Economy (POLECON),"Language, Learning, and Communication",1
Courses with Course Subject: Political Economy (POLECON),"Society, Behavior, and Environment",2
Courses with Course Subject: Political Science (POLSCI),"Academic Rules, Credits, and Enrollment",1
Courses with Course Subject: Political Science (POLSCI),Big Questions and Civic Inquiry,10
Courses with Course Subject: Political Science (POLSCI),"China, Globalization, and Economics",14
Courses with Course Subject: Political Science (POLSCI),"Culture, Media, and Humanities",5
Courses with Course Subject: Political Science (POLSCI),"Data, Computation, and Materials",4
Courses with Course Subject: Political Science (POLSCI),"Health, Research, and Academic Programs",1
Courses with Course Subject: Political Science (POLSCI),"Language, Learning, and Communication",1
Courses with Course Subject: Political Science (POLSCI),"Society, Behavior, and Environment",14
Courses with Course Subject: Psychology (PSYCH),"Data, Computation, and Materials",2
Courses with Course Subject: Psychology (PSYCH),"Health, Research, and Academic Programs",1
Courses with Course Subject: Psychology (PSYCH),"Language, Learning, and Communication",1
Courses with Course Subject: Psychology (PSYCH),"Society, Behavior, and Environment",3
Courses with Course Subject: Public Policy (PUBPOL),Big Questions and Civic Inquiry,4
Courses with Course Subject: Public Policy (PUBPOL),"China, Globalization, and Economics",10
Courses with Course Subject: Public Policy (PUBPOL),"Culture, Media, and Humanities",1
Courses with Course Subject: Public Policy (PUBPOL),"Data, Computation, and Materials",2
Courses with Course Subject: Public Policy (PUBPOL),"Health, Research, and Academic Programs",7
Courses with Course Subject: Public Policy (PUBPOL),"Language, Learning, and Communication",1
Courses with Course Subject: Public Policy (PUBPOL),"Society, Behavior, and Environment",22
Courses with Course Subject: Religious Studies (RELIG),Big Questions and Civic Inquiry,3
Courses with Course Subject: Religious Studies (RELIG),"China, Globalization, and Economics",1
Courses with Course Subject: Religious Studies (RELIG),"Culture, Media, and Humanities",14
Courses with Course Subject: Religious Studies (RELIG),"Society, Behavior, and Environment",6
Courses with Course Subject: Research Independent Study (RINDSTU),"Health, Research, and Academic Programs",1
Courses with Course Subject: Social Science (SOSC),Big Questions and Civic Inquiry,1
Courses with Course Subject: Social Science (SOSC),"China, Globalization, and Economics",3
Courses with Course Subject: Social Science (SOSC),"Data, Computation, and Materials",1
Courses with Course Subject: Social Science (SOSC),"Health, Research, and Academic Programs",4
Courses with Course Subject: Social Science (SOSC),"Language, Learning, and Communication",3
Courses with Course Subject: Social Science (SOSC),"Society, Behavior, and Environment",3
Courses with Course Subject: Sociology (SOCIOL),"China, Globalization, and Economics",3
Courses with Course Subject: Sociology (SOCIOL),"Culture, Media, and Humanities",3
Courses with Course Subject: Sociology (SOCIOL),"Data, Computation, and Materials",1
Courses with Course Subject: Sociology (SOCIOL),"Health, Research, and Academic Programs",1
Courses with Course Subject: Sociology (SOCIOL),"Language, Learning, and Communication",1
Courses with Course Subject: Sociology (SOCIOL),"Society, Behavior, and Environment",9
Courses with Course Subject: Statistics (STATS),"Data, Computation, and Materials",11
Courses with Course Subject: Statistics (STATS),"Language, Learning, and Communication",4
Courses with Course Subject: Statistics (STATS),"Society, Behavior, and Environment",1
Courses with Course Subject: Third Language (TLANG),"Language, Learning, and Communication",10
Courses with Course Subject: US Studies (USTUD),"China, Globalization, and Economics",2
Courses with Course Subject: US Studies (USTUD),"Culture, Media, and Humanities",2
Courses with Course Subject: US Studies (USTUD),"Language, Learning, and Communication",1
Courses with Course Subject: Written and Oral Communication (WOC),"Academic Rules, Credits, and Enrollment",1
Courses with Course Subject: Written and Oral Communication (WOC),Big Questions and Civic Inquiry,2
Courses with Course Subject: Written and Oral Communication (WOC),"Culture, Media, and Humanities",2
Courses with Course Subject: Written and Oral Communication (WOC),"Language, Learning, and Communication",12
Courses with Course Subject: Written and Oral Communication (WOC),"Society, Behavior, and Environment",3
Credit (CR/NC) Grading System.),"Academic Rules, Credits, and Enrollment",19
Cultures and Movements / Cultural Anthropology,Course Requirements and Subject Codes,4
Cultures and Movements / Sociology,Course Requirements and Subject Codes,3
Cultures and Movements / World History,Course Requirements and Subject Codes,3
Data Science,Course Requirements and Subject Codes,5
Data Science,"Data, Computation, and Materials",2
Data Science,"Health, Research, and Academic Programs",1
Data Science,"Language, Learning, and Communication",1
Degree Requirements,"Academic Rules, Credits, and Enrollment",7
Degree Requirements,"Health, Research, and Academic Programs",1
Degree Requirements,"Language, Learning, and Communication",18
Degree Requirements,"Society, Behavior, and Environment",1
Entrance Credit and Placement,"Academic Rules, Credits, and Enrollment",7
"Environmental Justice: The Economics of Race, Place and",Course Requirements and Subject Codes,1
Environmental Science / Biogeochemistry,Course Requirements and Subject Codes,3
Environmental Science / Biology,Course Requirements and Subject Codes,3
Environmental Science / Chemistry,"Academic Rules, Credits, and Enrollment",1
Environmental Science / Chemistry,Course Requirements and Subject Codes,4
Environmental Science / Public Policy,Course Requirements and Subject Codes,5
Environmental Science / Public Policy,"Culture, Media, and Humanities",2
Environmental Science / Public Policy,"Health, Research, and Academic Programs",2
Environmental Science / Public Policy,"Language, Learning, and Communication",2
Environmental Science / Public Policy,"Society, Behavior, and Environment",4
Ethics and Leadership / Philosophy,Course Requirements and Subject Codes,4
Ethics and Leadership / Public Policy,Course Requirements and Subject Codes,2
Ethics and Leadership / Religious Studies,Course Requirements and Subject Codes,2
Figure 2: Undergraduate Signature Work,"Academic Rules, Credits, and Enrollment",8
Figure 2: Undergraduate Signature Work,"Language, Learning, and Communication",1
Final Examinations,"Academic Rules, Credits, and Enrollment",7
Financial Information,"Academic Rules, Credits, and Enrollment",4
Financial Information,"Health, Research, and Academic Programs",1
Financial Information,"Language, Learning, and Communication",1
Full-time and Part-time Degree Status,"Academic Rules, Credits, and Enrollment",6
Full-time and Part-time Degree Status,"Language, Learning, and Communication",1
General Information,Big Questions and Civic Inquiry,3
General Information,"Culture, Media, and Humanities",2
General Information,"Health, Research, and Academic Programs",3
Global China Studies / Economics,Course Requirements and Subject Codes,3
Global China Studies / Philosophy,Course Requirements and Subject Codes,1
Global China Studies / Political Science,Course Requirements and Subject Codes,4
Global China Studies / Religious Studies,"China, Globalization, and Economics",1
Global China Studies / Religious Studies,Course Requirements and Subject Codes,1
Global China Studies / Religious Studies,"Culture, Media, and Humanities",2
Global China Studies / Religious Studies,"Health, Research, and Academic Programs",1
"Global China Studies with tracks in Chinese History, Economics, Philosophy, Political","China, Globalization, and Economics",3
"Global China Studies with tracks in Chinese History, Economics, Philosophy, Political",Course Requirements and Subject Codes,4
"Global China Studies with tracks in Chinese History, Economics, Philosophy, Political","Health, Research, and Academic Programs",3
Global Cultural Studies / World History,Course Requirements and Subject Codes,4
Global Cultural Studies / World Literature,Course Requirements and Subject Codes,4
Global Cultural Studies / World Literature,"Health, Research, and Academic Programs",4
Global Cultural Studies / World Literature,"Language, Learning, and Communication",1
Global Cultural Studies / World Literature,"Society, Behavior, and Environment",2
Global Health / Biology,Course Requirements and Subject Codes,3
Global Health / Public Policy,Course Requirements and Subject Codes,4
Grade Review Procedure,"Academic Rules, Credits, and Enrollment",9
Grade Review Procedure,"Language, Learning, and Communication",1
History,"Health, Research, and Academic Programs",2
History,"Society, Behavior, and Environment",3
Institutions and Governance / Economics,Course Requirements and Subject Codes,5
Institutions and Governance / Economics,"Language, Learning, and Communication",1
Institutions and Governance / Political Science,Course Requirements and Subject Codes,4
Institutions and Governance / Public Policy,Course Requirements and Subject Codes,2
Insurance,"Health, Research, and Academic Programs",1
Insurance,"Language, Learning, and Communication",1
"Jackson, Sitting Bull, Abraham Lincoln, John Brown, Fanny Fern, Thomas Dartmouth Rice, “Little","Culture, Media, and Humanities",1
Key Components,"Academic Rules, Credits, and Enrollment",4
Key Components,"Language, Learning, and Communication",3
Kunshan,"China, Globalization, and Economics",3
Kunshan,"Health, Research, and Academic Programs",1
Kunshan,"Society, Behavior, and Environment",1
Latin Honors,"Academic Rules, Credits, and Enrollment",15
Latin Honors,"Health, Research, and Academic Programs",2
Latin Honors,"Language, Learning, and Communication",2
Majors and Courses,"Academic Rules, Credits, and Enrollment",1
Majors and Courses,Course Requirements and Subject Codes,1
Majors and Courses,"Language, Learning, and Communication",2
Materials Science / Chemistry,Course Requirements and Subject Codes,3
Materials Science / Physics,Course Requirements and Subject Codes,4
Materials Science / Physics,"Culture, Media, and Humanities",2
Materials Science / Physics,"Health, Research, and Academic Programs",4
Mathematics,"Academic Rules, Credits, and Enrollment",1
Mathematics,"Health, Research, and Academic Programs",3
Mathematics,"Language, Learning, and Communication",3
Media and Arts / Art History,Course Requirements and Subject Codes,5
Media and Arts / Creative Practice,Course Requirements and Subject Codes,5
Methods Courses,Course Requirements and Subject Codes,3
Molecular Bioscience / Biogeochemistry,Course Requirements and Subject Codes,3
Molecular Bioscience / Biophysics,Course Requirements and Subject Codes,3
Molecular Bioscience / Cell and Molecular Biology,Course Requirements and Subject Codes,2
Molecular Bioscience / Genetics and Genomics,Big Questions and Civic Inquiry,1
Molecular Bioscience / Genetics and Genomics,"China, Globalization, and Economics",1
Molecular Bioscience / Genetics and Genomics,Course Requirements and Subject Codes,2
Molecular Bioscience / Genetics and Genomics,"Health, Research, and Academic Programs",2
Monday-Sunday. Spring Festival – Chinese New Year – No classes,"Academic Rules, Credits, and Enrollment",6
Non-Credit Mini-Term Courses,"Academic Rules, Credits, and Enrollment",1
Non-Credit Mini-Term Courses,"Language, Learning, and Communication",3
Other Placement Tests,"Academic Rules, Credits, and Enrollment",3
Other Placement Tests,"Language, Learning, and Communication",1
Other Study Away Programs,"Academic Rules, Credits, and Enrollment",8
Other Study Away Programs,"Language, Learning, and Communication",2
Partners,"China, Globalization, and Economics",2
Partners,"Health, Research, and Academic Programs",4
Passing Grades,"Academic Rules, Credits, and Enrollment",16
Policy,"Culture, Media, and Humanities",1
Policy,"Data, Computation, and Materials",2
Policy,"Health, Research, and Academic Programs",12
Policy,"Language, Learning, and Communication",4
Policy,"Society, Behavior, and Environment",1
Political Economy / Economics,Course Requirements and Subject Codes,4
Political Economy / Political Science,Course Requirements and Subject Codes,7
Political Economy / Public Policy,Course Requirements and Subject Codes,2
Programming and Software Engineering,Course Requirements and Subject Codes,4
Programming and Software Engineering,"Health, Research, and Academic Programs",5
Programming and Software Engineering,"Society, Behavior, and Environment",6
Public Policy,"China, Globalization, and Economics",2
Public Policy,Course Requirements and Subject Codes,3
Public Policy,"Culture, Media, and Humanities",2
Regular Decision (Chinese Mainland Students),"Academic Rules, Credits, and Enrollment",5
Residence Charge,"Academic Rules, Credits, and Enrollment",5
Residence Charge,"Language, Learning, and Communication",1
Restriction on Past Due Accounts,"Academic Rules, Credits, and Enrollment",8
Satisfactory Performance Each Term (Term Credit Requirements),"Academic Rules, Credits, and Enrollment",4
Scholarships and Financial Aid,"Academic Rules, Credits, and Enrollment",4
Scholarships and Financial Aid,"Language, Learning, and Communication",1
Student Affairs and Campus Life,"Health, Research, and Academic Programs",7
Student Clubs and Organizations,"Health, Research, and Academic Programs",4
Student Clubs and Organizations,"Language, Learning, and Communication",2
Student Conduct,"Academic Rules, Credits, and Enrollment",1
Student Conduct,"Language, Learning, and Communication",1
Student Conduct,"Society, Behavior, and Environment",1
Student Research Opportunities,"Academic Rules, Credits, and Enrollment",5
Student Research Opportunities,"Health, Research, and Academic Programs",1
Student Research Opportunities,"Language, Learning, and Communication",4
Study Away Opportunities,"Academic Rules, Credits, and Enrollment",5
Study Away Opportunities,"Health, Research, and Academic Programs",2
Study Away Opportunities,"Language, Learning, and Communication",2
Submission of Term Paper,"Academic Rules, Credits, and Enrollment",10
Submission of Term Paper,"Language, Learning, and Communication",2
The Curriculum,"Health, Research, and Academic Programs",2
The Curriculum,"Language, Learning, and Communication",7
The Curriculum,"Society, Behavior, and Environment",1
"The U.S. Legal System: Lawyers, Judges, Lawmakers, &",Course Requirements and Subject Codes,5
"The U.S. Legal System: Lawyers, Judges, Lawmakers, &","Data, Computation, and Materials",2
"The U.S. Legal System: Lawyers, Judges, Lawmakers, &","Health, Research, and Academic Programs",1
Transfer Credit for Foreign Language,"Academic Rules, Credits, and Enrollment",12
Transfer Credit for Foreign Language,"Language, Learning, and Communication",1
"Tuition ¥ 85,000 ¥ 85,000 -","Academic Rules, Credits, and Enrollment",6
Two-Credit Writing Courses,"Academic Rules, Credits, and Enrollment",1
Two-Credit Writing Courses,"Language, Learning, and Communication",4
US Studies / American Literature,Course Requirements and Subject Codes,2
US Studies / Political Science,Course Requirements and Subject Codes,3
US Studies / Public Policy,Course Requirements and Subject Codes,2
Undergraduate Course Load,"Academic Rules, Credits, and Enrollment",7
Undergraduate Degree.),"Academic Rules, Credits, and Enrollment",13
Undergraduate Degree.),"Language, Learning, and Communication",1
Underload,"Academic Rules, Credits, and Enrollment",20
Underload,"Health, Research, and Academic Programs",1
Underload,"Language, Learning, and Communication",1
Useful Contacts,"Health, Research, and Academic Programs",1
Voluntary Withdrawal,"Academic Rules, Credits, and Enrollment",18
Who We Are,"China, Globalization, and Economics",1
Who We Are,"Health, Research, and Academic Programs",9
Who We Are,"Language, Learning, and Communication",1
Work Taken During High School,"Academic Rules, Credits, and Enrollment",9
