section,passage_count,average_word_count,topic_count
Courses with Course Subject: History (HIST),92,54.2,6
Courses with Course Subject: Media and Arts (MEDIART),65,55.0,7
Courses with Course Subject: Literature (LIT),50,56.0,5
Courses with Course Subject: Political Science (POLSCI),50,54.9,8
Courses with Course Subject: Public Policy (PUBPOL),47,53.3,7
Courses with Course Subject: Biology (BIOL),41,56.2,6
Courses with Course Subject: Chinese (CHINESE),39,52.8,3
Courses with Course Subject: Cultural Anthropology (CULANTH),33,58.6,6
Courses with Course Subject: Physical Education (PHYSEDU),32,48.6,6
Courses with Course Subject: Global Health (GLHLTH),31,53.1,5
Courses with Course Subject: Philosophy (PHIL),31,54.3,5
Courses with Course Subject: Economics (ECON),30,52.4,5
Courses with Course Subject: Global Cultural Studies (GCULS),30,51.8,5
Courses with Course Subject: Mathematics (MATH),29,47.1,3
Degree Requirements,27,64.1,4
Courses with Course Subject: Religious Studies (RELIG),24,53.2,4
Courses with Course Subject: Physics (PHYS),23,54.0,5
Underload,22,62.1,3
Courses with Course Subject: Computer Science (COMPSCI),21,44.4,2
Courses with Course Subject: Ethics and Leadership (ETHLDR),21,54.9,4
Courses with Course Subject: Written and Oral Communication (WOC),20,51.6,5
Policy,20,61.4,5
Courses with Course Subject: Environment (ENVIR),19,56.5,5
Credit (CR/NC) Grading System.),19,58.2,1
Latin Honors,19,58.9,3
Courses with Course Subject: Chemistry (CHEM),18,52.3,4
Courses with Course Subject: Cultures and Movements (CULMOVE),18,53.7,6
Courses with Course Subject: Sociology (SOCIOL),18,52.1,6
Voluntary Withdrawal,18,59.9,1
Courses with Course Subject: Statistics (STATS),16,46.6,3
Passing Grades,16,58.7,1
Courses with Course Subject: Material Science (MATSCI),15,44.9,2
Courses with Course Subject: Social Science (SOSC),15,55.3,6
Environmental Science / Public Policy,15,52.7,5
Programming and Software Engineering,15,56.3,3
Courses with Course Subject: Chinese Society and Culture (CHSC),14,55.4,4
Undergraduate Degree.),14,55.5,2
Courses with Course Subject: English for Academic Purposes (EAP),13,55.2,3
Courses with Course Subject: Global China Studies (GCHINA),13,57.1,5
Transfer Credit for Foreign Language,13,60.5,2
Courses with Course Subject: Behavior Science (BEHAVSCI),12,64.5,4
Courses with Course Subject: Information Science (INFOSCI),12,53.8,5
Courses with Course Subject: Political Economy (POLECON),12,55.3,5
Submission of Term Paper,12,50.2,2
Global Cultural Studies / World Literature,11,57.4,4
Who We Are,11,53.5,3
Academic Suspension,10,54.3,1
"Biology, Genetics and Genomics",10,65.8,4
Campus Engagement,10,54.6,3
College Board Advanced Placement Program (AP) Examinations,10,70.3,2
Course Repeat,10,58.9,2
Courses with Course Subject: Third Language (TLANG),10,58.9,1
"Global China Studies with tracks in Chinese History, Economics, Philosophy, Political",10,50.3,3
Grade Review Procedure,10,61.1,2
Materials Science / Physics,10,54.3,3
Other Study Away Programs,10,54.3,2
Student Research Opportunities,10,51.4,3
The Curriculum,10,57.8,3
Academic Advising and Support,9,55.3,2
Academic Calendar 2021-22,9,47.2,2
Academic Procedures and Information,9,57.2,3
Data Science,9,46.3,4
Figure 2: Undergraduate Signature Work,9,62.6,2
Study Away Opportunities,9,57.3,3
Work Taken During High School,9,72.0,1
A Liberal Arts Education at Duke Kunshan University,8,78.4,4
Academic Resource Center,8,61.5,2
Class Scheduling,8,69.0,1
General Information,8,60.4,3
Restriction on Past Due Accounts,8,54.0,1
"The U.S. Legal System: Lawyers, Judges, Lawmakers, &",8,54.5,3
Academic Warning,7,57.3,2
Chinese Student Services and Student Mobility,7,49.1,3
Counseling and Psychological Services (CAPS),7,50.6,3
Courses with Course Subject: Psychology (PSYCH),7,46.4,4
Entrance Credit and Placement,7,53.4,1
Final Examinations,7,59.3,1
Full-time and Part-time Degree Status,7,57.6,2
Key Components,7,71.9,2
Mathematics,7,53.1,3
Political Economy / Political Science,7,40.4,1
Public Policy,7,63.4,3
Student Affairs and Campus Life,7,56.1,1
Undergraduate Course Load,7,59.7,1
Accommodations,6,52.7,3
"Career Services, Study Away, and Research Opportunities",6,80.0,2
Financial Information,6,50.3,3
Institutions and Governance / Economics,6,38.2,2
Molecular Bioscience / Genetics and Genomics,6,54.5,4
Monday-Sunday. Spring Festival – Chinese New Year – No classes,6,53.8,1
Partners,6,46.8,2
Residence Charge,6,47.8,2
Student Clubs and Organizations,6,57.3,2
"Tuition ¥ 85,000 ¥ 85,000 -",6,48.8,1
Courses with Course Subject: Music (MUSIC),5,53.8,1
Courses with Course Subject: Neuroscience (NEUROSCI),5,43.4,2
Courses with Course Subject: US Studies (USTUD),5,56.6,3
Environmental Science / Chemistry,5,34.0,2
Global China Studies / Religious Studies,5,71.4,4
History,5,59.6,2
Kunshan,5,71.8,3
Media and Arts / Art History,5,48.8,1
Media and Arts / Creative Practice,5,59.6,1
Regular Decision (Chinese Mainland Students),5,69.4,1
Scholarships and Financial Aid,5,48.2,2
Two-Credit Writing Courses,5,70.0,2
"Admission, Scholarships and Financial Aid",4,65.5,3
Applied Mathematics and Computational Sciences/Computer Science,4,45.8,2
Computation and Design / Digital Media,4,65.5,1
Course Audit,4,51.5,1
Course Credits,4,68.8,2
Courses with Course Subject: Integrated Science (INTGSCI),4,51.0,1
Courses with Course Subject: Japanese (JAPANESE),4,59.5,1
Cultures and Movements / Cultural Anthropology,4,41.8,1
Ethics and Leadership / Philosophy,4,56.5,1
Global China Studies / Political Science,4,54.0,1
Global Cultural Studies / World History,4,71.8,1
Global Health / Public Policy,4,71.5,1
Institutions and Governance / Political Science,4,60.0,1
Majors and Courses,4,40.0,3
Non-Credit Mini-Term Courses,4,55.0,2
Other Placement Tests,4,45.0,2
Political Economy / Economics,4,36.0,1
Satisfactory Performance Each Term (Term Credit Requirements),4,90.2,1
Behavioral Science / Psychology,3,42.3,1
Compliance with Academic Regulations,3,62.0,2
Computation and Design / Computer Science,3,60.3,1
Courses with Course Subject: Arts and Humanities (ARHU),3,56.7,1
Cultures and Movements / Sociology,3,42.7,1
Cultures and Movements / World History,3,67.0,1
Environmental Science / Biogeochemistry,3,53.0,1
Environmental Science / Biology,3,53.0,1
Global China Studies / Economics,3,36.0,1
Global Health / Biology,3,54.0,1
Materials Science / Chemistry,3,38.7,1
Methods Courses,3,45.3,1
Molecular Bioscience / Biogeochemistry,3,31.7,1
Molecular Bioscience / Biophysics,3,35.7,1
Student Conduct,3,60.7,3
US Studies / Political Science,3,42.0,1
Behavioral Science / Neuroscience,2,38.0,1
Course Cluster I,2,33.0,2
Courses with Course Subject: Computer Design (COMPDSGN),2,58.0,1
Courses with Course Subject: French (FRENCH),2,57.0,2
Courses with Course Subject: German (GERMAN),2,48.5,1
Courses with Course Subject: Global Challenges (GLOCHALL),2,55.0,2
Courses with Course Subject: Military Science (MILITSCI),2,30.5,2
Ethics and Leadership / Public Policy,2,66.5,1
Ethics and Leadership / Religious Studies,2,54.5,1
Institutions and Governance / Public Policy,2,52.0,1
Insurance,2,61.5,2
Molecular Bioscience / Cell and Molecular Biology,2,43.0,1
Political Economy / Public Policy,2,53.0,1
US Studies / American Literature,2,76.5,1
US Studies / Public Policy,2,53.5,1
Computation and Design / Social Policy,1,36.0,1
Course Descriptions,1,31.0,1
Courses with Course Subject: Independent Study (INDSTU),1,40.0,1
Courses with Course Subject: Institutions and Governance (INSTGOV),1,72.0,1
Courses with Course Subject: Italian (ITALIAN),1,72.0,1
Courses with Course Subject: Research Independent Study (RINDSTU),1,38.0,1
"Environmental Justice: The Economics of Race, Place and",1,68.0,1
Global China Studies / Philosophy,1,44.0,1
"Jackson, Sitting Bull, Abraham Lincoln, John Brown, Fanny Fern, Thomas Dartmouth Rice, “Little",1,69.0,1
Useful Contacts,1,95.0,1
